{
    "fiducial": {
        "tl": {
            "x": 28.3465,
            "y": 28.3465,
            "width": 14.17325,
            "height": 14.17325
        },
        "tr": {
            "x": 167.4803944444444,
            "y": 28.3465,
            "width": 14.17325,
            "height": 14.17325
        },
        "bl": {
            "x": 28.3465,
            "y": 254.4803333333333,
            "width": 14.17325,
            "height": 14.17325
        },
        "br": {
            "x": 167.4803944444444,
            "y": 254.4803333333333,
            "width": 14.17325,
            "height": 14.17325
        }
    },
    "timing_mark": {
        "left_0": {
            "x": 0,
            "y": 14.17325,
            "width": 4.251975,
            "height": 4.251975
        },
        "left_1": {
            "x": 0,
            "y": 28.3465,
            "width": 4.251975,
            "height": 4.251975
        },
        "left_2": {
            "x": 0,
            "y": 42.51975,
            "width": 4.251975,
            "height": 4.251975
        },
        "left_3": {
            "x": 0,
            "y": 56.693,
            "width": 4.251975,
            "height": 4.251975
        },
        "left_4": {
            "x": 0,
            "y": 70.86625,
            "width": 4.251975,
            "height": 4.251975
        },
        "left_5": {
            "x": 0,
            "y": 85.03949999999999,
            "width": 4.251975,
            "height": 4.251975
        },
        "left_6": {
            "x": 0,
            "y": 99.21274999999999,
            "width": 4.251975,
            "height": 4.251975
        },
        "left_7": {
            "x": 0,
            "y": 113.38599999999998,
            "width": 4.251975,
            "height": 4.251975
        },
        "left_8": {
            "x": 0,
            "y": 127.55924999999998,
            "width": 4.251975,
            "height": 4.251975
        },
        "left_9": {
            "x": 0,
            "y": 141.7325,
            "width": 4.251975,
            "height": 4.251975
        },
        "left_10": {
            "x": 0,
            "y": 155.90574999999998,
            "width": 4.251975,
            "height": 4.251975
        },
        "left_11": {
            "x": 0,
            "y": 170.07899999999998,
            "width": 4.251975,
            "height": 4.251975
        },
        "left_12": {
            "x": 0,
            "y": 184.25224999999998,
            "width": 4.251975,
            "height": 4.251975
        },
        "left_13": {
            "x": 0,
            "y": 198.42549999999997,
            "width": 4.251975,
            "height": 4.251975
        },
        "left_14": {
            "x": 0,
            "y": 212.59874999999997,
            "width": 4.251975,
            "height": 4.251975
        },
        "left_15": {
            "x": 0,
            "y": 226.77199999999996,
            "width": 4.251975,
            "height": 4.251975
        },
        "left_16": {
            "x": 0,
            "y": 240.94524999999996,
            "width": 4.251975,
            "height": 4.251975
        },
        "left_17": {
            "x": 0,
            "y": 255.11849999999995,
            "width": 4.251975,
            "height": 4.251975
        },
        "left_18": {
            "x": 0,
            "y": 269.29175,
            "width": 4.251975,
            "height": 4.251975
        },
        "bottom_0": {
            "x": 14.17325,
            "y": 292.7481083333333,
            "width": 4.251975,
            "height": 4.251975
        },
        "bottom_1": {
            "x": 28.3465,
            "y": 292.7481083333333,
            "width": 4.251975,
            "height": 4.251975
        },
        "bottom_2": {
            "x": 42.51975,
            "y": 292.7481083333333,
            "width": 4.251975,
            "height": 4.251975
        },
        "bottom_3": {
            "x": 56.693,
            "y": 292.7481083333333,
            "width": 4.251975,
            "height": 4.251975
        },
        "bottom_4": {
            "x": 70.86625,
            "y": 292.7481083333333,
            "width": 4.251975,
            "height": 4.251975
        },
        "bottom_5": {
            "x": 85.03949999999999,
            "y": 292.7481083333333,
            "width": 4.251975,
            "height": 4.251975
        },
        "bottom_6": {
            "x": 99.21274999999999,
            "y": 292.7481083333333,
            "width": 4.251975,
            "height": 4.251975
        },
        "bottom_7": {
            "x": 113.38599999999998,
            "y": 292.7481083333333,
            "width": 4.251975,
            "height": 4.251975
        },
        "bottom_8": {
            "x": 127.55924999999998,
            "y": 292.7481083333333,
            "width": 4.251975,
            "height": 4.251975
        },
        "bottom_9": {
            "x": 141.7325,
            "y": 292.7481083333333,
            "width": 4.251975,
            "height": 4.251975
        },
        "bottom_10": {
            "x": 155.90574999999998,
            "y": 292.7481083333333,
            "width": 4.251975,
            "height": 4.251975
        },
        "bottom_11": {
            "x": 170.07899999999998,
            "y": 292.7481083333333,
            "width": 4.251975,
            "height": 4.251975
        },
        "bottom_12": {
            "x": 184.25224999999998,
            "y": 292.7481083333333,
            "width": 4.251975,
            "height": 4.251975
        }
    },
    "bubble": {
        "PRESIDENT_P-A1": {
            "x": 18,
            "y": 49,
            "center_x": 23.6693,
            "center_y": 54.6693,
            "radius": 5.6693,
            "diameter": 11.3386
        },
        "PRESIDENT_P-A2": {
            "x": 18,
            "y": 65.3386,
            "center_x": 23.6693,
            "center_y": 71.0079,
            "radius": 5.6693,
            "diameter": 11.3386
        },
        "PRESIDENT_P-A3": {
            "x": 110,
            "y": 49,
            "center_x": 115.66929999999999,
            "center_y": 54.6693,
            "radius": 5.6693,
            "diameter": 11.3386
        },
        "PRESIDENT_P-A4": {
            "x": 110,
            "y": 65.3386,
            "center_x": 115.66929999999999,
            "center_y": 71.0079,
            "radius": 5.6693,
            "diameter": 11.3386
        },
        "SENATOR_S-01": {
            "x": 18,
            "y": 110.0158,
            "center_x": 23.6693,
            "center_y": 115.6851,
            "radius": 5.6693,
            "diameter": 11.3386
        },
        "SENATOR_S-02": {
            "x": 18,
            "y": 125.3544,
            "center_x": 23.6693,
            "center_y": 131.0237,
            "radius": 5.6693,
            "diameter": 11.3386
        },
        "SENATOR_S-03": {
            "x": 79.33333333333334,
            "y": 110.0158,
            "center_x": 85.00263333333334,
            "center_y": 115.6851,
            "radius": 5.6693,
            "diameter": 11.3386
        },
        "SENATOR_S-04": {
            "x": 79.33333333333334,
            "y": 125.3544,
            "center_x": 85.00263333333334,
            "center_y": 131.0237,
            "radius": 5.6693,
            "diameter": 11.3386
        },
        "SENATOR_S-05": {
            "x": 140.66666666666669,
            "y": 110.0158,
            "center_x": 146.33596666666668,
            "center_y": 115.6851,
            "radius": 5.6693,
            "diameter": 11.3386
        },
        "SENATOR_S-06": {
            "x": 140.66666666666669,
            "y": 125.3544,
            "center_x": 146.33596666666668,
            "center_y": 131.0237,
            "radius": 5.6693,
            "diameter": 11.3386
        }
    },
    "barcode": {
        "document_barcode": {
            "x": 18,
            "y": 264,
            "type": "PDF417",